timestamp,action,target,result
2026-03-07T20:32:15+0800,kill_runner,runner,ok_restart
2026-03-07T20:33:16+0800,kill_container,bb4ed1af5044,ok
2026-03-07T20:34:17+0800,kill_container,f8120b05066e,ok
2026-03-07T20:35:17+0800,kill_container,1263a02adae5,ok
2026-03-07T20:36:17+0800,kill_container,b8bc7e0bbea0,ok
2026-03-07T20:37:17+0800,kill_container,2a18a299f21f,ok
2026-03-07T20:38:18+0800,kill_runner,runner,ok_restart
2026-03-07T20:39:19+0800,kill_container,4221bb30035c,ok
2026-03-07T20:40:19+0800,kill_container,367742679ea5,ok
2026-03-07T20:41:19+0800,kill_container,2f3b5066cee3,ok
2026-03-07T20:42:19+0800,kill_container,3ab4595a04b2,ok
